{
  "BONEAGE_MEAN": 127.29777954004759,
  "BONEAGE_STD": 41.05124439561161,
  "best_val_mae": 8.836050987243652
}